83.149.9.216	17/May/2015:10:05:03 +0000	"GET /presentations/logstash-monitorama-2013/images/kibana-search.png HTTP/1.1" 200 203023 "http://semicomplete.com/presentations/logstash-monitorama-2013/" "Mozilla/5.0 (Macintosh; Intel Mac OS X 10_9_1) AppleWebKit/537.36 (KHTML, like Gecko) Chrome/32.0.1700.77 Safari/537.36"
83.149.9.216	17/May/2015:10:05:43 +0000	"GET /presentations/logstash-monitorama-2013/images/kibana-dashboard3.png HTTP/1.1" 200 171717 "http://semicomplete.com/presentations/logstash-monitorama-2013/" "Mozilla/5.0 (Macintosh; Intel Mac OS X 10_9_1) AppleWebKit/537.36 (KHTML, like Gecko) Chrome/32.0.1700.77 Safari/537.36"
83.149.9.216	17/May/2015:10:05:47 +0000	"GET /presentations/logstash-monitorama-2013/plugin/highlight/highlight.js HTTP/1.1" 200 26185 "http://semicomplete.com/presentations/logstash-monitorama-2013/" "Mozilla/5.0 (Macintosh; Intel Mac OS X 10_9_1) AppleWebKit/537.36 (KHTML, like Gecko) Chrome/32.0.1700.77 Safari/537.36"
83.149.9.216	17/May/2015:10:05:12 +0000	"GET /presentations/logstash-monitorama-2013/plugin/zoom-js/zoom.js HTTP/1.1" 200 7697 "http://semicomplete.com/presentations/logstash-monitorama-2013/" "Mozilla/5.0 (Macintosh; Intel Mac OS X 10_9_1) AppleWebKit/537.36 (KHTML, like Gecko) Chrome/32.0.1700.77 Safari/537.36"
83.149.9.216	17/May/2015:10:05:07 +0000	"GET /presentations/logstash-monitorama-2013/plugin/notes/notes.js HTTP/1.1" 200 2892 "http://semicomplete.com/presentations/logstash-monitorama-2013/" "Mozilla/5.0 (Macintosh; Intel Mac OS X 10_9_1) AppleWebKit/537.36 (KHTML, like Gecko) Chrome/32.0.1700.77 Safari/537.36"
83.149.9.216	17/May/2015:10:05:34 +0000	"GET /presentations/logstash-monitorama-2013/images/sad-medic.png HTTP/1.1" 200 430406 "http://semicomplete.com/presentations/logstash-monitorama-2013/" "Mozilla/5.0 (Macintosh; Intel Mac OS X 10_9_1) AppleWebKit/537.36 (KHTML, like Gecko) Chrome/32.0.1700.77 Safari/537.36"
83.149.9.216	17/May/2015:10:05:57 +0000	"GET /presentations/logstash-monitorama-2013/css/fonts/Roboto-Bold.ttf HTTP/1.1" 200 38720 "http://semicomplete.com/presentations/logstash-monitorama-2013/" "Mozilla/5.0 (Macintosh; Intel Mac OS X 10_9_1) AppleWebKit/537.36 (KHTML, like Gecko) Chrome/32.0.1700.77 Safari/537.36"
83.149.9.216	17/May/2015:10:05:50 +0000	"GET /presentations/logstash-monitorama-2013/css/fonts/Roboto-Regular.ttf HTTP/1.1" 200 41820 "http://semicomplete.com/presentations/logstash-monitorama-2013/" "Mozilla/5.0 (Macintosh; Intel Mac OS X 10_9_1) AppleWebKit/537.36 (KHTML, like Gecko) Chrome/32.0.1700.77 Safari/537.36"
83.149.9.216	17/May/2015:10:05:24 +0000	"GET /presentations/logstash-monitorama-2013/images/frontend-response-codes.png HTTP/1.1" 200 52878 "http://semicomplete.com/presentations/logstash-monitorama-2013/" "Mozilla/5.0 (Macintosh; Intel Mac OS X 10_9_1) AppleWebKit/537.36 (KHTML, like Gecko) Chrome/32.0.1700.77 Safari/537.36"
83.149.9.216	17/May/2015:10:05:50 +0000	"GET /presentations/logstash-monitorama-2013/images/kibana-dashboard.png HTTP/1.1" 200 321631 "http://semicomplete.com/presentations/logstash-monitorama-2013/" "Mozilla/5.0 (Macintosh; Intel Mac OS X 10_9_1) AppleWebKit/537.36 (KHTML, like Gecko) Chrome/32.0.1700.77 Safari/537.36"
83.149.9.216	17/May/2015:10:05:46 +0000	"GET /presentations/logstash-monitorama-2013/images/Dreamhost_logo.svg HTTP/1.1" 200 2126 "http://semicomplete.com/presentations/logstash-monitorama-2013/" "Mozilla/5.0 (Macintosh; Intel Mac OS X 10_9_1) AppleWebKit/537.36 (KHTML, like Gecko) Chrome/32.0.1700.77 Safari/537.36"
83.149.9.216	17/May/2015:10:05:11 +0000	"GET /presentations/logstash-monitorama-2013/images/kibana-dashboard2.png HTTP/1.1" 200 394967 "http://semicomplete.com/presentations/logstash-monitorama-2013/" "Mozilla/5.0 (Macintosh; Intel Mac OS X 10_9_1) AppleWebKit/537.36 (KHTML, like Gecko) Chrome/32.0.1700.77 Safari/537.36"
83.149.9.216	17/May/2015:10:05:19 +0000	"GET /presentations/logstash-monitorama-2013/images/apache-icon.gif HTTP/1.1" 200 8095 "http://semicomplete.com/presentations/logstash-monitorama-2013/" "Mozilla/5.0 (Macintosh; Intel Mac OS X 10_9_1) AppleWebKit/537.36 (KHTML, like Gecko) Chrome/32.0.1700.77 Safari/537.36"
83.149.9.216	17/May/2015:10:05:33 +0000	"GET /presentations/logstash-monitorama-2013/images/nagios-sms5.png HTTP/1.1" 200 78075 "http://semicomplete.com/presentations/logstash-monitorama-2013/" "Mozilla/5.0 (Macintosh; Intel Mac OS X 10_9_1) AppleWebKit/537.36 (KHTML, like Gecko) Chrome/32.0.1700.77 Safari/537.36"
83.149.9.216	17/May/2015:10:05:00 +0000	"GET /presentations/logstash-monitorama-2013/images/redis.png HTTP/1.1" 200 25230 "http://semicomplete.com/presentations/logstash-monitorama-2013/" "Mozilla/5.0 (Macintosh; Intel Mac OS X 10_9_1) AppleWebKit/537.36 (KHTML, like Gecko) Chrome/32.0.1700.77 Safari/537.36"
83.149.9.216	17/May/2015:10:05:25 +0000	"GET /presentations/logstash-monitorama-2013/images/elasticsearch.png HTTP/1.1" 200 8026 "http://semicomplete.com/presentations/logstash-monitorama-2013/" "Mozilla/5.0 (Macintosh; Intel Mac OS X 10_9_1) AppleWebKit/537.36 (KHTML, like Gecko) Chrome/32.0.1700.77 Safari/537.36"
83.149.9.216	17/May/2015:10:05:59 +0000	"GET /presentations/logstash-monitorama-2013/images/logstashbook.png HTTP/1.1" 200 54662 "http://semicomplete.com/presentations/logstash-monitorama-2013/" "Mozilla/5.0 (Macintosh; Intel Mac OS X 10_9_1) AppleWebKit/537.36 (KHTML, like Gecko) Chrome/32.0.1700.77 Safari/537.36"
83.149.9.216	17/May/2015:10:05:30 +0000	"GET /presentations/logstash-monitorama-2013/images/github-contributions.png HTTP/1.1" 200 34245 "http://semicomplete.com/presentations/logstash-monitorama-2013/" "Mozilla/5.0 (Macintosh; Intel Mac OS X 10_9_1) AppleWebKit/537.36 (KHTML, like Gecko) Chrome/32.0.1700.77 Safari/537.36"
83.149.9.216	17/May/2015:10:05:53 +0000	"GET /presentations/logstash-monitorama-2013/css/print/paper.css HTTP/1.1" 200 4254 "http://semicomplete.com/presentations/logstash-monitorama-2013/" "Mozilla/5.0 (Macintosh; Intel Mac OS X 10_9_1) AppleWebKit/537.36 (KHTML, like Gecko) Chrome/32.0.1700.77 Safari/537.36"
83.149.9.216	17/May/2015:10:05:24 +0000	"GET /presentations/logstash-monitorama-2013/images/1983_delorean_dmc-12-pic-38289.jpeg HTTP/1.1" 200 220562 "http://semicomplete.com/presentations/logstash-monitorama-2013/" "Mozilla/5.0 (Macintosh; Intel Mac OS X 10_9_1) AppleWebKit/537.36 (KHTML, like Gecko) Chrome/32.0.1700.77 Safari/537.36"
83.149.9.216	17/May/2015:10:05:54 +0000	"GET /presentations/logstash-monitorama-2013/images/simple-inputs-filters-outputs.jpg HTTP/1.1" 200 1168622 "http://semicomplete.com/presentations/logstash-monitorama-2013/" "Mozilla/5.0 (Macintosh; Intel Mac OS X 10_9_1) AppleWebKit/537.36 (KHTML, like Gecko) Chrome/32.0.1700.77 Safari/537.36"
83.149.9.216	17/May/2015:10:05:33 +0000	"GET /presentations/logstash-monitorama-2013/images/tiered-outputs-to-inputs.jpg HTTP/1.1" 200 1079983 "http://semicomplete.com/presentations/logstash-monitorama-2013/" "Mozilla/5.0 (Macintosh; Intel Mac OS X 10_9_1) AppleWebKit/537.36 (KHTML, like Gecko) Chrome/32.0.1700.77 Safari/537.36"
83.149.9.216	17/May/2015:10:05:56 +0000	"GET /favicon.ico HTTP/1.1" 200 3638 "-" "Mozilla/5.0 (Macintosh; Intel Mac OS X 10_9_1) AppleWebKit/537.36 (KHTML, like Gecko) Chrome/32.0.1700.77 Safari/537.36"
24.236.252.67	17/May/2015:10:05:40 +0000	"GET /favicon.ico HTTP/1.1" 200 3638 "-" "Mozilla/5.0 (X11; Ubuntu; Linux x86_64; rv:26.0) Gecko/20100101 Firefox/26.0"
66.249.73.185	17/May/2015:10:05:37 +0000	"GET / HTTP/1.1" 200 37932 "-" "Mozilla/5.0 (compatible; Googlebot/2.1; +http://www.google.com/bot.html)"
110.136.166.128	17/May/2015:10:05:35 +0000	"GET /projects/xdotool/ HTTP/1.1" 200 12292 "http://www.google.com/url?sa=t&rct=j&q=&esrc=s&source=web&cd=5&cad=rja&sqi=2&ved=0CFYQFjAE&url=http%3A%2F%2Fwww.semicomplete.com%2Fprojects%2Fxdotool%2F&ei=6cwAU_bRHo6urAeI0YD4Ag&usg=AFQjCNE3V_aCf3-gfNcbS924S6jZ6FqffA&bvm=bv.61535280,d.bmk" "Mozilla/5.0 (Windows NT 6.2; WOW64; rv:28.0) Gecko/20100101 Firefox/28.0"
110.136.166.128	17/May/2015:10:05:06 +0000	"GET /reset.css HTTP/1.1" 200 1015 "http://www.semicomplete.com/projects/xdotool/" "Mozilla/5.0 (Windows NT 6.2; WOW64; rv:28.0) Gecko/20100101 Firefox/28.0"
110.136.166.128	17/May/2015:10:05:03 +0000	"GET /style2.css HTTP/1.1" 200 4877 "http://www.semicomplete.com/projects/xdotool/" "Mozilla/5.0 (Windows NT 6.2; WOW64; rv:28.0) Gecko/20100101 Firefox/28.0"
110.136.166.128	17/May/2015:10:05:41 +0000	"GET /favicon.ico HTTP/1.1" 200 3638 "-" "Mozilla/5.0 (Windows NT 6.2; WOW64; rv:28.0) Gecko/20100101 Firefox/28.0"
110.136.166.128	17/May/2015:10:05:32 +0000	"GET /images/jordan-80.png HTTP/1.1" 200 6146 "http://www.semicomplete.com/projects/xdotool/" "Mozilla/5.0 (Windows NT 6.2; WOW64; rv:28.0) Gecko/20100101 Firefox/28.0"
123.125.71.35	17/May/2015:10:05:46 +0000	"GET /blog/tags/release HTTP/1.1" 200 40693 "-" "Mozilla/5.0 (compatible; Baiduspider/2.0; +http://www.baidu.com/search/spider.html)"
110.136.166.128	17/May/2015:10:05:08 +0000	"GET /images/web/2009/banner.png HTTP/1.1" 200 52315 "http://www.semicomplete.com/style2.css" "Mozilla/5.0 (Windows NT 6.2; WOW64; rv:28.0) Gecko/20100101 Firefox/28.0"
66.249.73.185	17/May/2015:10:05:00 +0000	"GET /reset.css HTTP/1.1" 200 1015 "-" "Mozilla/5.0 (compatible; Googlebot/2.1; +http://www.google.com/bot.html)"
66.249.73.185	17/May/2015:10:05:22 +0000	"GET /doc/index.html?org/elasticsearch/action/search/SearchResponse.html HTTP/1.1" 404 294 "-" "Mozilla/5.0 (compatible; Googlebot/2.1; +http://www.google.com/bot.html)"
66.249.73.185	17/May/2015:11:05:58 +0000	"GET /presentations/logstash-1/ HTTP/1.1" 304 - "-" "Mozilla/5.0 (compatible; Googlebot/2.1; +http://www.google.com/bot.html)"
66.249.73.185	17/May/2015:17:05:07 +0000	"GET /images/ HTTP/1.1" 200 85649 "-" "Mozilla/5.0 (iPhone; CPU iPhone OS 6_0 like Mac OS X) AppleWebKit/536.26 (KHTML, like Gecko) Version/6.0 Mobile/10A5376e Safari/8536.25 (compatible; Googlebot/2.1; +http://www.google.com/bot.html)"
66.249.73.185	17/May/2015:17:05:09 +0000	"GET /presentations/logstash-metrics-sf-2012.10/ HTTP/1.1" 304 - "-" "Mozilla/5.0 (iPhone; CPU iPhone OS 6_0 like Mac OS X) AppleWebKit/536.26 (KHTML, like Gecko) Version/6.0 Mobile/10A5376e Safari/8536.25 (compatible; Googlebot/2.1; +http://www.google.com/bot.html)"
66.249.73.185	17/May/2015:21:05:01 +0000	"GET /files/rpm/logstash/ HTTP/1.1" 200 5111 "-" "Mozilla/5.0 (iPhone; CPU iPhone OS 6_0 like Mac OS X) AppleWebKit/536.26 (KHTML, like Gecko) Version/6.0 Mobile/10A5376e Safari/8536.25 (compatible; Googlebot/2.1; +http://www.google.com/bot.html)"
66.249.73.185	18/May/2015:01:05:47 +0000	"GET /files/pam_logfailure/ HTTP/1.1" 200 992 "-" "SAMSUNG-SGH-E250/1.0 Profile/MIDP-2.0 Configuration/CLDC-1.1 UP.Browser/6.2.3.3.c.1.101 (GUI) MMP/2.0 (compatible; Googlebot-Mobile/2.1; +http://www.google.com/bot.html)"
66.249.73.185	18/May/2015:03:05:03 +0000	"GET /files/xmlpresenter/ HTTP/1.1" 200 950 "-" "Mozilla/5.0 (iPhone; CPU iPhone OS 6_0 like Mac OS X) AppleWebKit/536.26 (KHTML, like Gecko) Version/6.0 Mobile/10A5376e Safari/8536.25 (compatible; Googlebot/2.1; +http://www.google.com/bot.html)"
66.249.73.185	18/May/2015:04:05:56 +0000	"GET /presentations/puppet-presentation/puppet-at-loggly.html HTTP/1.1" 304 - "-" "Mozilla/5.0 (iPhone; CPU iPhone OS 6_0 like Mac OS X) AppleWebKit/536.26 (KHTML, like Gecko) Version/6.0 Mobile/10A5376e Safari/8536.25 (compatible; Googlebot/2.1; +http://www.google.com/bot.html)"
66.249.73.185	18/May/2015:04:05:38 +0000	"GET /presentations/logstash-puppetconf-2012/images/apache-negative-duration.png HTTP/1.1" 304 - "-" "Googlebot-Image/1.0"
66.249.73.185	18/May/2015:05:05:38 +0000	"GET /files/firefox-tabsearch/ HTTP/1.1" 200 1865 "-" "Mozilla/5.0 (compatible; Googlebot/2.1; +http://www.google.com/bot.html)"
66.249.73.185	18/May/2015:05:05:35 +0000	"GET /files/pam_logfailure/ HTTP/1.1" 200 992 "-" "DoCoMo/2.0 N905i(c100;TB;W24H16) (compatible; Googlebot-Mobile/2.1; +http://www.google.com/bot.html)"
66.249.73.185	18/May/2015:05:05:10 +0000	"GET /files/pp/ HTTP/1.1" 200 1139 "-" "Mozilla/5.0 (compatible; Googlebot/2.1; +http://www.google.com/bot.html)"
66.249.73.185	18/May/2015:06:05:41 +0000	"GET /files/xdotool/docs/html/osx__hacks_8h_source.html HTTP/1.1" 304 - "-" "Mozilla/5.0 (iPhone; CPU iPhone OS 6_0 like Mac OS X) AppleWebKit/536.26 (KHTML, like Gecko) Version/6.0 Mobile/10A5376e Safari/8536.25 (compatible; Googlebot/2.1; +http://www.google.com/bot.html)"
66.249.73.185	18/May/2015:07:05:18 +0000	"GET /files/bingerpc.py HTTP/1.1" 304 - "-" "Mozilla/5.0 (iPhone; CPU iPhone OS 6_0 like Mac OS X) AppleWebKit/536.26 (KHTML, like Gecko) Version/6.0 Mobile/10A5376e Safari/8536.25 (compatible; Googlebot/2.1; +http://www.google.com/bot.html)"
66.249.73.185	18/May/2015:10:05:29 +0000	"GET /doc/org/elasticsearch/action/support/master/TransportMasterNodeOperationAction.html HTTP/1.1" 404 363 "-" "Mozilla/5.0 (compatible; Googlebot/2.1; +http://www.google.com/bot.html)"
66.249.73.185	18/May/2015:10:05:51 +0000	"GET /files/rpm/apache-maven.spec HTTP/1.1" 304 - "-" "Mozilla/5.0 (iPhone; CPU iPhone OS 6_0 like Mac OS X) AppleWebKit/536.26 (KHTML, like Gecko) Version/6.0 Mobile/10A5376e Safari/8536.25 (compatible; Googlebot/2.1; +http://www.google.com/bot.html)"
66.249.73.185	18/May/2015:11:05:07 +0000	"GET / HTTP/1.1" 200 37932 "-" "Mozilla/5.0 (iPhone; CPU iPhone OS 6_0 like Mac OS X) AppleWebKit/536.26 (KHTML, like Gecko) Version/6.0 Mobile/10A5376e Safari/8536.25 (compatible; Googlebot/2.1; +http://www.google.com/bot.html)"
66.249.73.185	18/May/2015:11:05:45 +0000	"GET /files/hello/hello_c HTTP/1.1" 200 6575 "-" "Mozilla/5.0 (compatible; Googlebot/2.1; +http://www.google.com/bot.html)"
66.249.73.185	18/May/2015:12:05:16 +0000	"GET /presentations/logstash-puppetconf-2012/images/nagios-sms2.png HTTP/1.1" 304 - "-" "Googlebot-Image/1.0"
66.249.73.185	18/May/2015:13:05:16 +0000	"GET /files/grok/ HTTP/1.1" 200 3894 "-" "Mozilla/5.0 (iPhone; CPU iPhone OS 6_0 like Mac OS X) AppleWebKit/536.26 (KHTML, like Gecko) Version/6.0 Mobile/10A5376e Safari/8536.25 (compatible; Googlebot/2.1; +http://www.google.com/bot.html)"
66.249.73.185	18/May/2015:14:05:38 +0000	"GET /files/pp/original.pp.pdf HTTP/1.1" 304 - "-" "Mozilla/5.0 (iPhone; CPU iPhone OS 6_0 like Mac OS X) AppleWebKit/536.26 (KHTML, like Gecko) Version/6.0 Mobile/10A5376e Safari/8536.25 (compatible; Googlebot/2.1; +http://www.google.com/bot.html)"
66.249.73.185	18/May/2015:20:05:09 +0000	"GET /files/lumberjack/ HTTP/1.1" 200 8403 "-" "Mozilla/5.0 (iPhone; CPU iPhone OS 6_0 like Mac OS X) AppleWebKit/536.26 (KHTML, like Gecko) Version/6.0 Mobile/10A5376e Safari/8536.25 (compatible; Googlebot/2.1; +http://www.google.com/bot.html)"
66.249.73.185	18/May/2015:21:05:43 +0000	"GET /presentations/logstash-puppetconf-2012/images/psychoaxe.jpg HTTP/1.1" 304 - "-" "Googlebot-Image/1.0"
66.249.73.185	19/May/2015:00:05:38 +0000	"GET /files/rubygems615/java-ssl-debug-last-request.txt HTTP/1.1" 304 - "-" "Mozilla/5.0 (iPhone; CPU iPhone OS 6_0 like Mac OS X) AppleWebKit/536.26 (KHTML, like Gecko) Version/6.0 Mobile/10A5376e Safari/8536.25 (compatible; Googlebot/2.1; +http://www.google.com/bot.html)"
66.249.73.185	19/May/2015:00:05:21 +0000	"GET /files/xdotool/docs/latex/structcharcodemap.tex HTTP/1.1" 200 2554 "-" "Mozilla/5.0 (compatible; Googlebot/2.1; +http://www.google.com/bot.html)"
66.249.73.185	19/May/2015:02:05:06 +0000	"GET /presentations/logstash-puppetconf-2012/images/ HTTP/1.1" 200 5823 "-" "Mozilla/5.0 (iPhone; CPU iPhone OS 6_0 like Mac OS X) AppleWebKit/536.26 (KHTML, like Gecko) Version/6.0 Mobile/10A5376e Safari/8536.25 (compatible; Googlebot/2.1; +http://www.google.com/bot.html)"
66.249.73.185	19/May/2015:04:05:12 +0000	"GET /presentations/puppet-at-loggly/puppet-at-loggly.pdf.html HTTP/1.1" 304 - "-" "Mozilla/5.0 (iPhone; CPU iPhone OS 6_0 like Mac OS X) AppleWebKit/536.26 (KHTML, like Gecko) Version/6.0 Mobile/10A5376e Safari/8536.25 (compatible; Googlebot/2.1; +http://www.google.com/bot.html)"
66.249.73.185	19/May/2015:06:05:37 +0000	"GET /presentations/logstash-puppetconf-2012/images/xkcd-perl.png HTTP/1.1" 304 - "-" "Googlebot-Image/1.0"
66.249.73.185	19/May/2015:06:05:16 +0000	"GET /presentations/logstash-scale11x/images/logstash.png HTTP/1.1" 304 - "-" "Googlebot-Image/1.0"
66.249.73.185	19/May/2015:06:05:00 +0000	"GET /presentations/logstash-puppetconf-2012/images/nagios-sms1.png HTTP/1.1" 304 - "-" "Googlebot-Image/1.0"
66.249.73.185	19/May/2015:09:05:08 +0000	"GET /presentations/logstash-puppetconf-2012/ HTTP/1.1" 304 - "-" "Mozilla/5.0 (iPhone; CPU iPhone OS 6_0 like Mac OS X) AppleWebKit/536.26 (KHTML, like Gecko) Version/6.0 Mobile/10A5376e Safari/8536.25 (compatible; Googlebot/2.1; +http://www.google.com/bot.html)"
66.249.73.185	19/May/2015:13:05:22 +0000	"GET /files/rubygems615/java-ssl-debug.txt HTTP/1.1" 200 22869910 "-" "Mozilla/5.0 (iPhone; CPU iPhone OS 6_0 like Mac OS X) AppleWebKit/536.26 (KHTML, like Gecko) Version/6.0 Mobile/10A5376e Safari/8536.25 (compatible; Googlebot/2.1; +http://www.google.com/bot.html)"
66.249.73.185	19/May/2015:17:05:56 +0000	"GET /presentations/logstash-1/ HTTP/1.1" 304 - "-" "Mozilla/5.0 (iPhone; CPU iPhone OS 6_0 like Mac OS X) AppleWebKit/536.26 (KHTML, like Gecko) Version/6.0 Mobile/10A5376e Safari/8536.25 (compatible; Googlebot/2.1; +http://www.google.com/bot.html)"
66.249.73.185	19/May/2015:17:05:21 +0000	"GET /kibana/ HTTP/1.1" 200 4483 "-" "Mozilla/5.0 (compatible; Googlebot/2.1; +http://www.google.com/bot.html)"
66.249.73.185	19/May/2015:18:05:49 +0000	"GET /kibana/css/style.css HTTP/1.1" 200 2715 "-" "Mozilla/5.0 (compatible; Googlebot/2.1; +http://www.google.com/bot.html)"
66.249.73.185	19/May/2015:18:05:54 +0000	"GET /kibana/bootstrap/css/bootstrap.min.css HTTP/1.1" 200 71463 "-" "Mozilla/5.0 (compatible; Googlebot/2.1; +http://www.google.com/bot.html)"
66.249.73.185	19/May/2015:18:05:07 +0000	"GET /kibana/loader2.php?page=eyJzZWFyY2giOiIiLCJmaWVsZHMiOltdLCJvZmZzZXQiOjAsInRpbWVmcmFtZSI6IjE1IG1pbnV0ZXMiLCJncmFwaG1vZGUiOiJjb3VudCJ9&_=1391904000000 HTTP/1.1" 200 573 "http://semicomplete.com/kibana/" "Mozilla/5.0 (compatible; Googlebot/2.1; +http://www.google.com/bot.html)"
66.249.73.185	19/May/2015:20:05:48 +0000	"GET /files/logstash/ HTTP/1.1" 200 13316 "-" "Mozilla/5.0 (iPhone; CPU iPhone OS 6_0 like Mac OS X) AppleWebKit/536.26 (KHTML, like Gecko) Version/6.0 Mobile/10A5376e Safari/8536.25 (compatible; Googlebot/2.1; +http://www.google.com/bot.html)"
66.249.73.185	19/May/2015:23:05:00 +0000	"GET /files/logstash/ HTTP/1.1" 200 13316 "-" "DoCoMo/2.0 N905i(c100;TB;W24H16) (compatible; Googlebot-Mobile/2.1; +http://www.google.com/bot.html)"
66.249.73.185	20/May/2015:00:05:26 +0000	"GET /files/images/ HTTP/1.1" 200 944 "-" "Mozilla/5.0 (iPhone; CPU iPhone OS 6_0 like Mac OS X) AppleWebKit/536.26 (KHTML, like Gecko) Version/6.0 Mobile/10A5376e Safari/8536.25 (compatible; Googlebot/2.1; +http://www.google.com/bot.html)"
66.249.73.185	20/May/2015:03:05:41 +0000	"GET /robots.txt HTTP/1.1" 200 - "-" "Mozilla/5.0 (compatible; Googlebot/2.1; +http://www.google.com/bot.html)"
66.249.73.185	20/May/2015:03:05:46 +0000	"GET / HTTP/1.1" 200 37932 "-" "SAMSUNG-SGH-E250/1.0 Profile/MIDP-2.0 Configuration/CLDC-1.1 UP.Browser/6.2.3.3.c.1.101 (GUI) MMP/2.0 (compatible; Googlebot-Mobile/2.1; +http://www.google.com/bot.html)"
66.249.73.185	20/May/2015:03:05:41 +0000	"GET /kibana/css/jquery-ui-1.8.16.custom.css HTTP/1.1" 200 50829 "-" "Mozilla/5.0 (compatible; Googlebot/2.1; +http://www.google.com/bot.html)"
66.249.73.185	20/May/2015:03:05:48 +0000	"GET /kibana/css/jquery.ui.datepicker.css HTTP/1.1" 200 33035 "-" "Mozilla/5.0 (compatible; Googlebot/2.1; +http://www.google.com/bot.html)"
66.249.73.185	20/May/2015:03:05:43 +0000	"GET /kibana/bootstrap/css/bootstrap-responsive.min.css HTTP/1.1" 200 7680 "-" "Mozilla/5.0 (compatible; Googlebot/2.1; +http://www.google.com/bot.html)"
66.249.73.185	20/May/2015:11:05:39 +0000	"GET /images/logstash_OSCON.pdf HTTP/1.1" 304 - "-" "Mozilla/5.0 (iPhone; CPU iPhone OS 6_0 like Mac OS X) AppleWebKit/536.26 (KHTML, like Gecko) Version/6.0 Mobile/10A5376e Safari/8536.25 (compatible; Googlebot/2.1; +http://www.google.com/bot.html)"
66.249.73.185	20/May/2015:11:05:27 +0000	"GET /files/blogposts/20090727/ HTTP/1.1" 200 1167 "-" "SAMSUNG-SGH-E250/1.0 Profile/MIDP-2.0 Configuration/CLDC-1.1 UP.Browser/6.2.3.3.c.1.101 (GUI) MMP/2.0 (compatible; Googlebot-Mobile/2.1; +http://www.google.com/bot.html)"
66.249.73.185	20/May/2015:17:05:31 +0000	"GET /files/logstash/ HTTP/1.1" 200 13316 "-" "SAMSUNG-SGH-E250/1.0 Profile/MIDP-2.0 Configuration/CLDC-1.1 UP.Browser/6.2.3.3.c.1.101 (GUI) MMP/2.0 (compatible; Googlebot-Mobile/2.1; +http://www.google.com/bot.html)"
66.249.73.185	20/May/2015:17:05:34 +0000	"GET /files/blogposts/20080611/ HTTP/1.1" 200 1175 "-" "Mozilla/5.0 (compatible; Googlebot/2.1; +http://www.google.com/bot.html)"
66.249.73.185	20/May/2015:20:05:49 +0000	"GET /files/pam_logfailure/ HTTP/1.1" 200 992 "-" "SAMSUNG-SGH-E250/1.0 Profile/MIDP-2.0 Configuration/CLDC-1.1 UP.Browser/6.2.3.3.c.1.101 (GUI) MMP/2.0 (compatible; Googlebot-Mobile/2.1; +http://www.google.com/bot.html)"
66.249.73.185	20/May/2015:20:05:17 +0000	"GET /files/ HTTP/1.1" 200 13277 "-" "SAMSUNG-SGH-E250/1.0 Profile/MIDP-2.0 Configuration/CLDC-1.1 UP.Browser/6.2.3.3.c.1.101 (GUI) MMP/2.0 (compatible; Googlebot-Mobile/2.1; +http://www.google.com/bot.html)"
66.249.73.185	20/May/2015:21:05:45 +0000	"GET /presentations/logstash-puppetconf-2012/images/pc-load-letter.jpg HTTP/1.1" 304 - "-" "Googlebot-Image/1.0"
66.249.73.185	20/May/2015:21:05:09 +0000	"GET /presentations/logstash-puppetconf-2012/images/xkcd-perlswing-many.png HTTP/1.1" 304 - "-" "Googlebot-Image/1.0"
66.249.73.185	20/May/2015:21:05:32 +0000	"GET /presentations/logstash-puppetconf-2012/images/sysadvent.png HTTP/1.1" 304 - "-" "Googlebot-Image/1.0"
